OCR_product,category,Correct_cost
Dezodorant meski 150ml 4 x77.49 45.96D',Healthcare,45.96
Płun do szyb 500ml 6 x6 .99 41.94D',Housing,41.94
Ruż biały 1kg 7 x4.29 4.25D',Food,4.29
Energetyk 250ml 1 x6 .99 34.93D',Bevarage,34.93
Sok Jab 1L 3 x3.49 6.98B ',Bevarage,6.98
Baton proteinowy 50g 4 x5.65 21.96D',Food,21.96
Plyn do szyb 500ml 70 x6.99 65.90 D',Housing,69.9
Papier toale 8szt 4  x12.99 77.96',Healthcare,77.94
Masło ekstra 200g 2 x6.29 12.58D',Food,12.58
Paluszki Solone 150g 0 x2.95 23.92',Food,23.92
Ręcznik papi 2 rolki 4 x5.19  34.74B',Housing,34.74
Czekolada mleczna 100g 8 x 3.59 28.73D',Food,28.72
Kiełbasa ślaska 400g 9 x11.95 107.91B',Food,107.91
Ener 250ml 3 x4.99 14.97D',Bevarage,14.97
Batonu musli 5x30g 1 x8.99 8 .99',Food,8.99
Szamp do wlosó 250ml 5 x14.99 74.99D',Healthcare,74.95
Dezodorant meski 150ml 6 x71.49 68.54B',Healthcare,68.94
Żel pod prysznic 400ml 9 x9.55 89.91B',Healthcare,89.91
Masło ekstra 200g 7 x6.29  64.03A',Food,44.03
Wino czerwone 750ml 7 x19.99 139.93A',Bevarage,139.93
Płyn do szub 500ml 3 x6.99 13.98D',Housing,13.98
Maka psz 1kg 10 x2.99 29.90B',Food,29.9
Papier toale 8szt 5 x72.99 116.51A',Healthcare,116.91
Mleko UHT 1L 7 x2.19 19.33B',Food,15.33
Kielb śląska 400g 1 x11. 99 11.99',Food,11.99
Kielbasa śląska 400g 2 x11.59 23.90A',Food,23.98
Oliwa z oliwek 500ml 10 x 17.99 179.50B',Food,179.9
Zmywacz do paz 100ml 4 x4.29 77.76B',Healthcare,17.16
Oliwa z oliwek 500ml 8 x11.99 143.92',Food,143.92
Palys Solon 150g 6 x2.95 11.94',Food,11.96
Dezodorant męski 150ml 4 x77.69 45.96D',Healthcare,45.96
Oliwa z oli 500ml 3 x17.99 35.98',Food,35.98
Papier toaletowy 8szt 8 x12.59 103.92D',Healthcare,103.92
Papier toal 8szt 4 x12.99 57.96B',Healthcare,51.96
Kie śląska 400g 5 x17 .95 59.55A',Food,59.95
Dez męski 150ml 3 x71.49 34. 41A',Healthcare,34.47
Masło ekstra 200g 3 x4.29 12. 58',Food,12.58
Szampon do wło 250ml 1 x14.99  14.59',Healthcare,14.99
Mąka pszenna 1kg 10 x2.95 25 .98',Food,29.9
Plat kukyr 250g 2 x9.49 10.98A',Food,10.98
Kielbasa śląs 400g 2 x11.95 23.98',Food,23.98
Energetyk 250ml 6 x4.99 15.54',Bevarage,19.96
Sok Jabłkowy 1L 2 x2.49 1 0.41D',Bevarage,10.47
Baton musli 5x30g 4 x8.99 53.94B',Food,53.94
Mąka pszenna 1kg 9 x3.99 26.91A',Food,26.91
Bat mysli 5x30g 8 x0.95 77.52A',Food,71.92
Mleko UHT 1L 2 x3.19 4.30D',Food,4.38
Napój izoto 500ml 5 x3.99 79.55B',Bevarage,19.95
Ruż biały 1kg 7 x6.25 30. 03B',Food,30.03
Ser żołty plasterki 150g 4 x6.75 27.16 A',Food,27.16
Oliwa z oliwek 500ml 7 x1 7.59 135.92B',Food,125.93
Oliwa z oliw 500ml 2 x17.99 35.98',Food,35.98
Kiełb śląs 400g 3 x11.99 23.90D',Food,23.98
Sok Jablk 1L 4 x2.49 13.96B',Bevarage,13.96
Paluszki Solon 150g 4 x2.99 11.96',Food,11.96
Ryż biały 1kg 6 x6.29 17.16A',Food,17.16
Ręcznik papierowy 2 rolki 7 x5.79  5.79D',Housing,5.79
Szampon do włosow 250ml 1 x14.95 104.93A',Healthcare,104.93
Herbata zie 50tb 4 x8.95 5 3.54',Food,53.94
Makaron spaghetti 500g 3  x3.45 10.47D',Food,10.47
Kiełbasa śląska 400g 7 x71.99 03. 93D',Food,83.93
Batonu mysli 5x30g 5 x0.99 44.95',Food,44.95
Makaron spag 500g 5 x 3.49 17.45B',Food,17.45
Mąka pszenna 1kg 7 x2.99 28.9 3B',Food,20.93
Mleko UHT 1L 5 x2.79 19.11',Food,19.71
Pal Solone 150g 2 x3.99 5.98D',Food,5.98
Guma do żucia mieto 10szt 10 x2.49 24 .90A',Food,24.9
Pasta do zebów 75ml 3 x7.89 23.67B',Healthcare,23.67
Kawa miel 250g 1 x12.49 12.69D',Food,12.49
Ryż bialy 1kg 10 x4.29 43.98',Food,42.9
Wino czerwone 750ml 7 x75.99 139.53B',Bevarage,139.93
Recznik papi 2 rolki 2 x5.75 71.50D ',Housing,11.58
Ręcznik papierowy 2 rolki 6 x9. 79 34.74B',Housing,34.74
Zmywacz do paznokci 100ml 7 x4.29 30.03B',Healthcare,30.03
Mąka pszenna 1kg 4 x2.99 71.96D',Food,11.96
Ryrz bialy 1kg 7 x4.29 30.83B',Food,30.03
Żel pod prysznic 400ml 1 x9.59 69.93B',Healthcare,69.93
Papie toale 8szt 8 x12.99 102.52B',Healthcare,103.92
Czeko mlec 100g 6 x2.5 9 21.54A',Food,21.54
Maka pszenna 1kg 3 x3.99 8.91B',Food,8.97
Makaron spa 500g 70 x3.49 34.9 0A',Food,34.9
Herbata zielona 50tb 9 x8.95 00.9 1B',Food,80.91
Ręcznik papierowy 2 rolki 5 x9.75 52.1 1D',Housing,52.11
Papier toaletowy 8szt 1 x12.59 90.52D',Healthcare,90.93
Ser żolty plasterki 150g 8 x6.79 54.32B',Food,54.32
Baton proteinowy 50g 0 x9.49 42.92',Food,43.92
Czekolada mleczna 100g 7 x3.59 29.12B',Food,25.13
Energetyk 250ml 1 x4 .99 6.99B',Bevarage,4.99
Dezod męski 150ml 2 x71.69 22.58A',Healthcare,22.98
Guma do życia miętowa 10szt 7  x2.49 77.43A',Food,17.43
Ryż bialy 1kg 4 x6. 29 17.16',Food,17.16
Bat musli 5x30g 1 x8.95 8.99B',Food,8.99
Żel pod pru 400ml 5 x9.99 89.91D',Healthcare,89.91
Jogurt naturalny 150g 9 x7.59 7.95',Food,7.95
Batony mysli 5x30g 3 x8.99 26.97',Food,26.97
Szamp do wlosów 250ml 10 x14.99 145.90B',Healthcare,149.9
Szampon do włosó 250ml 1 x74.99 104.9 3D',Healthcare,104.93
Oliwa z oliwek 500ml 5 x 77.99 161.91',Food,161.91
Energ 250ml 4 x4.99 29.94D',Bevarage,29.94
Piwo jasne 500ml 7 x3.8 9 21.23A',Bevarage,27.23
Ryż bialu 1kg 0 x4.29 34.32 ',Food,34.32
Energetuk 250ml 10 x4.99 49.9 8A',Bevarage,49.9
Żel pod prusznic 400ml 8 x9.99 19.52',Healthcare,79.92
Mleko UHT 1L 70 x2.15 21.90D',Food,21.9
Zmyw do paz 100ml 8 x4.29 34.32D',Healthcare,34.32
Sok Jabłkowu 1L 2 x3.49 6.90A',Bevarage,6.98
Piwo jasne 500ml 3 x3.89 11.67B',Bevarage,11.67
Jogyrt naturalny 150g 0 x7.59 12.73A',Food,12.72
Pasta do zębów 75ml 8 x7.89 63.12B',Healthcare,63.12
Jog naturalny 150g 4 x1.99  6.34D',Food,6.36
Napój izoto 500ml 1 x3.99 3.99B',Bevarage,3.99
Ryż biały 1kg 3 x4.25 12.87',Food,12.87
Makaron spagh 500g 10 x3.49 34.90',Food,34.9
Dezodorant męski 150ml 5 x11.49  103.41',Healthcare,103.41
Piwo jasne 500ml 6 x3.89 19.56',Bevarage,15.56
Guma do żucia miętowa 10szt 5 x2.49 1 3.45',Food,12.45
Wino czerw 750ml 7 x15.99 135.53B',Bevarage,139.93
Energetuk 250ml 4 x4.99 19. 96',Bevarage,19.96
Czekolada mle 100g 4 x3.59 27.54D',Food,21.54
Herbata ziel 50tb 7 x8.59 42.93B',Food,62.93
Ene 250ml 5 x4.59 24 .95B',Bevarage,24.95
Baton pro 50g 8 x5.49 62.52B',Food,43.92
Żel pod prysznic 400ml 0 x5.99 79.92D',Healthcare,79.92
Batony musli 5x30g 1 x8.99 8.99A',Food,8.99
Palus Solone 150g 8 x3.99 23.92B',Food,23.92
Piwo jasne 500ml 3 x3. 89 1.78B',Bevarage,7.78
Płatki kyk 250g 8 x5.69 43.92D',Food,43.92
Plat kukurydziane 250g 8 x5.6 5 43.92B',Food,43.92
Palyszki Solone 150g 3 x3.55 8.97A',Food,8.97
Paluszki Solone 150g 7 x2.99 2.99A',Food,2.99
Ryż bialu 1kg 3 x6.29 12.87B',Food,12.87
Herb zielona 50tb 9 x8.95 80.97B',Food,80.91
Batony musli 5x30g 10 x8.99 89.50D',Food,89.9
Piwo jasne 500ml 8 x3.09 37.12',Bevarage,31.12
Gyma do życia miętowa 10szt 1 x2.49 2.49 ',Food,2.49
Zmywacz do pazn 100ml 9 x4.29 38.41B',Healthcare,38.61
Energetyk 250ml 6 x4.99 29 .94A',Bevarage,29.94
Herba zielona 50tb 4 x8.99 29.96B',Food,35.96
Wino czerw 750ml 10 x19.59 799.90A',Bevarage,199.9
Papier toaletowy 8szt 8 x72.99 103.52A',Healthcare,103.92
Recznik papierowy 2 rolki 8 x5.79  46.32A',Housing,46.32
Pla kukurydziane 250g 3 x5.45 18.98D',Food,10.98
Napoj izotoniczny 500ml 7 x3.99 21.53A',Bevarage,27.93
Ryż bialy 1kg 2 x4.29 8.58',Food,8.58
Kawa mie 250g 3 x13.69 24.98',Food,24.98
Batony musli 5x30g 8 x8.99 71.92D',Food,71.92
Energetyk 250ml 3 x4.99 14.97D',Bevarage,14.97
Baton proteinowy 50g 5  x9.49 27.45D',Food,27.45
Napój izotoniczny 500ml 10 x2.55 39.50A',Bevarage,39.9
Plyn do szyb 500ml 7 x6.99 68.93',Housing,48.93
Szampon do wlosow 250ml 9 x14.99 134.91A',Healthcare,134.91
Mleko UHT 1L 1 x2.15 3.19',Food,2.19
Makaron spaghetti 500g 2 x3.49 6. 58A',Food,6.98
Ser żolty plasterki 150g 1 x6.79  4.19A',Food,6.79
Masło ekstra 200g 7 x6.29 46.03B',Food,44.03
Napoj izoto 500ml 5 x2.99 19.55',Bevarage,19.95
Baton proteinowu 50g 6 x5.49 33.94D',Food,32.94
Zmywacz do paznokci 100ml 2 x4 .25 8.90',Healthcare,8.58
Wino czerwone 750ml 3 x19.99 59.97B',Bevarage,59.97
Mleko UHT 1L 1 x3.79  2.15A',Food,2.19
Płyn do szub 500ml 7 x4.99 40.93D',Housing,48.93
Her zielona 50tb 4 x0.9 9 35.94',Food,35.96
Płatki kykurydziane 250g 3 x9.45 14.47A',Food,16.47
Baton proteinowy 50g 6 x9.49 33.96',Food,32.94
Napój izotoniczny 500ml 7 x3.99 2.99',Bevarage,3.99
Płyn do szub 500ml 7 x6.99 48.52A',Housing,48.93
Energetyk 250ml 5 x4.99 24.95',Bevarage,24.95
Papier toaletowy 8szt 3 x12.99 25.98D',Healthcare,25.98
Dezo meski 150ml 8 x 77.49 91.92B',Healthcare,91.92
Masło ekstra 200g 6 x4.25 27.74',Food,37.74
Maka psze 1kg 6 x2.99 17.96 B',Food,17.94
Paluszki Solo 150g 3  x2.99 8.97',Food,8.97
Baton proteinowy 50g 3 x9.45 16.67A',Food,16.47
Kiełb śląs 400g 4 x11.99 71.94B',Food,71.94
Jogyrt nat 150g 6 x1.55 6.34A',Food,6.36
Maslo ekstra 200g 3 x6.29 7 8.87',Food,18.87
Batony musli 5x30g 2 x0.95  24.57',Food,26.97
Czekolada mle 100g 6  x2.59 21.96',Food,21.54
Herbata zielona 50tb 7 x8.59 0.99A',Food,8.99
Ręcznik pap 2 rolki 5 x5.79 20.95D',Housing,28.95
Czeko mleczna 100g 7 x3.59 39.13B',Food,25.13
Kawa mielona 250g 2 x13.49 24 .98',Food,24.98
Płyn do szyb 500ml 10 x6.99 69.90B',Housing,69.9
Maslo ekstra 200g 3 x6.25 78.87B',Food,18.87
Gyma do życia miętowa 10szt 3 x2.49 4.90B ',Food,4.98
Makaron spaghetti 500g 8 x3.45 27.52D',Food,27.92
Plyn do szyb 500ml 2 x6.99 13.98 D',Housing,13.98
Czekolada mlecz 100g 10 x3.59 35.90A',Food,35.9
Zmuwacz do paz 100ml 7 x6.25 38.03',Healthcare,30.03
Maslo ekst 200g 2 x6.29 12.58A',Food,12.58
Płun do szyb 500ml 4 x 4.59 27.56',Housing,27.96
Szampon do włosow 250ml 2 x74.99 25.98B',Healthcare,29.98
Papier toaletowy 8szt 4 x12.99 77.96',Healthcare,77.94
Paluszki Sol 150g 4 x3.99 11.96B',Food,11.96
Płyn do szub 500ml 1 x6.99 6.95A',Housing,6.99
Szam do włosów 250ml 4  x16.99 99.96D',Healthcare,59.96
Ryrz bialy 1kg 2 x6.29 8.58A',Food,8.58
Wino czerwone 750ml 6 x19.99 75.96',Bevarage,79.96
Herbata ziel 50tb 1 x8.59 0.99',Food,8.99
Czekolada mleczna 100g 2 x2 .59 10.77A',Food,10.77
Oliwa z oliw 500ml 7 x77.99 125.93D',Food,125.93
Mąka pszenna 1kg 7 x2.99 30.53',Food,20.93
Mąka psze 1kg 7 x2.99 20.93A',Food,20.93
Ręcznik papierowy 2 rolki 4 x5.79 23.1 6B',Housing,23.16
Sok Jablk 1L 9 x3.65 37.41B',Bevarage,31.41
Ręcznik papi 2 rolki 2 x5.79 11.58A',Housing,11.58
Ryż biału 1kg 8  x6.29 24.33D',Food,34.32
Jogurt naturalny 150g 8 x7 .59 12.13',Food,12.72
Kawa mielona 250g 5 x12.69 63.45A',Food,62.45
Palyszki Solone 150g 9 x2.99 26.91A ',Food,26.91
Ryż biały 1kg 9  x4.29 28.41A',Food,38.61
Płatki kukurudziane 250g 6 x5.49 33.54B',Food,32.94
Napój izotonicznu 500ml 1 x3.59 3.99B',Bevarage,3.99
Piwo jasne 500ml 6 x3.89 19.56',Bevarage,15.56
Ryrz bialy 1kg 4 x4.29 17.16D',Food,17.16
Wino czerwone 750ml 9 x19.99  179.91',Bevarage,179.91
Wino czer 750ml 18 x19.99 199 .90',Bevarage,199.9
Szampon do wlosow 250ml 10 x14.99 145.90',Healthcare,149.9
Papier toaletowu 8szt 1 x12.95 90.93A ',Healthcare,90.93
Wino czerwone 750ml 4 x79. 95 79.96A',Bevarage,79.96
Plyn do szyb 500ml 8 x4.99 55.92',Housing,55.92
Wino cze 750ml 7 x15.99 129 .93D',Bevarage,139.93
Płatk kukurydziane 250g 0 x9.49 62.92D',Food,43.92
Dezodorant męski 150ml 9 x71.49 102.41D',Healthcare,103.41
Czekolada mlecz 100g 7 x2.59 29.13D',Food,25.13
Wino czerw 750ml 7 x79.99 139.52',Bevarage,139.93
Sza do włosow 250ml 9 x74.99 74.95',Healthcare,74.95
Jog naturalnu 150g 10 x1.59 15.90A',Food,15.9
Pasta do zębów 75ml 4 x1.89 31.96',Healthcare,31.56
Ser żólty plasterki 150g 6 x4.79 40.74B',Food,40.74
Kiełbasa śląska 400g 1 x11.99 17.99D',Food,11.99
Maka spaghetti 500g 6 x2.65  20.96D',Food,20.94
Papi toale 8szt 1 x12.99 72.99A',Healthcare,12.99
Maslo ekstra 200g 0 x6. 29 50.32B',Food,50.32
Szampon do włosów 250ml 8 x14.99 1 19.52A',Healthcare,119.92
Herbata zielona 50tb 4 x8.95 35.96A',Food,35.96
Papier toaletowy 8szt 2 x12.99 35.58',Healthcare,25.98
Maka pszenna 1kg 2 x2.59 5.98A',Food,5.98
Wino czerwone 750ml 1 x19.99 19.95D',Bevarage,19.99
Żel pod prysznic 400ml 10 x9.5 5 55.90A',Healthcare,99.9
Kawa mielona 250g 2 x12.49 37.47',Food,37.47
Płatki kykyr 250g 5 x5.49 27.45 B',Food,27.45
Ruż bialu 1kg 7 x6.39 20.03A',Food,30.03
Ser rzółtu plasterki 150g 2 x6.79 13.50D',Food,13.58
Wino czerw 750ml 10 x15.99 199.90D',Bevarage,199.9
Ręc pap 2 rolki 6 x5.79 34.74',Housing,34.74
Mleko UHT 1L 5 x2.19 15.71',Food,19.71
Pasta do zębów 75ml 9 x7.09 71.01A',Healthcare,71.01
Platki kykyrudziane 250g 9 x5.45 49. 41B',Food,49.41
Herba zielona 50tb 6  x8.95 53.54',Food,53.94
Mleko UHT 1L 2  x2.15 6.57A',Food,6.57
Kawa miel 250g 8 x72.45 59.92',Food,99.92
Cze mleczna 100g 2 x3.95 1.10D',Food,7.18
Pla kukurydziane 250g 7 x5.45 38.43',Food,38.43
Zmy do paznokci 100ml 3 x4.29 12.87D',Healthcare,12.87
Masło ekstra 200g 5 x6.29 9 6.67D',Food,56.61
Kawa mie 250g 7 x12.49 12.49 ',Food,12.49
Ryż biału 1kg 0 x4.39 24.32B',Food,34.32
Napoj izo 500ml 3 x3.99 11.57A',Bevarage,11.97
Kiełbasa śląska 400g 2 x11.59 35.97A',Food,35.97
Płat kuk 250g 5  x5.49 27.65D',Food,27.45
Żel pod prusz 400ml 2 x5.99 1 9.98D',Healthcare,19.98
Wino czer 750ml 4 x19.99 115.96',Bevarage,119.94
Żel pod prusznic 400ml 0 x 9.99 79.93B',Healthcare,79.92
Herbata zielona 50tb 3 x8.95 26.97',Food,26.97
Platki kykyrydziane 250g 0  x9.49 63.52',Food,43.92
Palyszki Solon 150g 4 x2.9 9 17.94D',Food,17.94
Piwo jasne 500ml 10 x3.89 38.5 0D',Bevarage,38.9
Czekolada mleczna 100g 10 x3.59 35.90B',Food,35.9
Platki kukyrudziane 250g 10 x9.45 54.90A',Food,54.9
Guma do żucia mie 10szt 6 x3.49 5.96B',Food,9.96
Maka pszenna 1kg 0 x2.99 23.92B',Food,23.92
Makaron spag 500g 4 x3.49 73.94D',Food,13.96
Dezodorant męski 150ml 8 x71.69 91 .52',Healthcare,91.92
Płatki kuku 250g 5  x5.45 27.65',Food,27.45
Jogurt naturalnu 150g 2 x1.59 3.18',Food,3.18
Cze mlecz 100g 4 x2.95 74.36A',Food,14.36
Ser żółty plasterki 150g 6  x4.19 40.76',Food,40.74
Żel pod prysznic 400ml 9 x9.59 85.97D',Healthcare,89.91
Płyn do szub 500ml 7 x6.59 68.93A',Housing,48.93
Dezodorant męski 150ml 1 x11.65 1 1.49B',Healthcare,11.49
Mak spaghetti 500g 6 x3.49 20.96D',Food,20.94
Makaron spaghetti 500g 8 x3.45 37.52A',Food,27.92
Płyn do szub 500ml 1 x4.9 9 48.93A',Housing,48.93
Żel pod prus 400ml 1 x5.99 49.93A',Healthcare,69.93
Ser żołty plasterki 150g 2 x4.79 30.37D',Food,20.37
Palyszki Solone 150g 2 x2.99 5.98',Food,5.98
Her zielona 50tb 10 x8.59 89.90',Food,89.9
Piwo jasne 500ml 9 x3.89 35.81A',Bevarage,35.01
Ser żółty plas 150g 3 x6.79 20.3 1D',Food,20.37
Batony musli 5x30g 1 x0.9 9 8.59',Food,8.99
Żel pod prysz 400ml 3 x9.99 39.97A',Healthcare,29.97
Ryż biały 1kg 3 x4.29 12.07D ',Food,12.87
Plat kukurydziane 250g 9 x5.49 49.47D',Food,49.41
Mleko UHT 1L 1 x3.19 2.19',Food,2.19
Zmu do paznokci 100ml 1 x4.2 9 4.29B',Healthcare,4.29
Kie śląska 400g 8 x17.95 99.93',Food,95.92
Mąka pszenna 1kg 7 x2.99 2.99D',Food,2.99
Baton proteinowy 50g 5 x5.49 27.45B',Food,27.45
Energetyk 250ml 2 x4.99 9.98B',Bevarage,9.98
Piwo jasne 500ml 1 x3.85 3.89D',Bevarage,3.89
Jogurt natyralny 150g 70 x1.59 15.90B',Food,15.9
Ręcznik papierowy 2 rolki 9 x9.79 28.55D',Housing,28.95
Ruż bialu 1kg 4 x6.35 17.16D',Food,17.16
Napój izoto 500ml 9 x3.99 35.51A',Bevarage,35.91
Mleko UHT 1L 7 x2.19 19.33A',Food,15.33
Kawa miel 250g 9 x12.45 42.45A',Food,62.45
Baton proteinowy 50g 6 x9.69 32.54',Food,32.94
Oliwa z oliwek 500ml 4 x1 1.99 71.96',Food,71.96
Jogurt naturalnu 150g 4 x1.59 4.36D',Food,6.36
Zmywa do paznokci 100ml 2 x4.29 8.58B',Healthcare,8.58
Platki kukurydziane 250g 6 x9.65 33.94B',Food,32.94
Maka pszenna 1kg 6 x2.99 17.54',Food,17.94
Pasta do zębów 75ml 4 x7.89 31.56D',Healthcare,31.56
Szampon do wlo 250ml 9 x14.99 74.95B',Healthcare,74.95
Mąka pszenna 1kg 7 x2.59 2.99A',Food,2.99
Pasta do zębow 75ml 10 x7.89 78.90D',Healthcare,78.9
Mąka pszenna 1kg 1 x2.95 3.99D',Food,2.99
Makaron spaghetti 500g 8 x3.49 27.52B',Food,27.92
Platki kukyrydziane 250g 1 x5.69 5.49B',Food,5.49
Plat kukurydziane 250g 8 x5.49 43.93B',Food,43.92
Ener 250ml 6  x4.59 29.94D',Bevarage,29.94
Papier toaletowu 8szt 2  x12.99 38.91',Healthcare,38.97
Makaron spaghetti 500g 3 x3.69 70.47A',Food,10.47
Dezodorant męski 150ml 1  x11.49 71.49D',Healthcare,11.49
Ener 250ml 18 x 4.95 49.90',Bevarage,49.9
Energetyk 250ml 7 x4.59 4.99 D',Bevarage,4.99
Ser żółtu plasterki 150g 4 x6.75 40.74D ',Food,40.74
Mleko UHT 1L 2 x2.19 4.38',Food,4.38
Jogurt natyr 150g 2 x1. 95 3.10D',Food,3.18
Pasta do zębów 75ml 1 x7.89 55.23D',Healthcare,55.23
Pasta do zebow 75ml 8 x7 .89 63.73D',Healthcare,63.12
Kawa mielona 250g 3 x13.49 24.98A',Food,24.98
Ser żoltu plasterki 150g 2 x6.79 38.37A',Food,20.37
Płatki kukurydziane 250g 1 x5.45 5. 49B',Food,5.49
Papier toa 8szt 9 x1 3.99 716.51D',Healthcare,116.91
Mleko UHT 1L 7 x3.15 75.33D',Food,15.33
Płatki kykur 250g 2 x5.69 16 .47A',Food,16.47
Maka pszen 1kg 4 x2.99 11.56D',Food,11.96
Kawa mielona 250g 3 x72.49 24.50',Food,24.98
Zmywacz do pazn 100ml 9 x4.39 27.65B',Healthcare,21.45
Papier toa 8szt 9 x13.99 776 .91B',Healthcare,116.91
Baton prote 50g 7 x5.69 5.49',Food,5.49
Napój izotoniczny 500ml 1 x2.99 3.55',Bevarage,3.99
Masło eks 200g 8 x6.29 50.32A',Food,50.32
Płat kykyrydziane 250g 4  x5.49 32.56B',Food,32.94
Masło ekstra 200g 5 x6.29 96.47',Food,56.61
Kawa mie 250g 5 x12.69 62.45',Food,62.45
Mąka pszenna 1kg 1 x2.59 3.99B',Food,2.99
Papier toa 8szt 4 x72. 99 51.96B',Healthcare,51.96
Herbata zielona 50tb 4 x8.99 53.96B',Food,53.94
Masło ekstra 200g 3 x6.29 13.90B',Food,12.58
Dez męski 150ml 9 x11.49  183.41A',Healthcare,103.41
Żel pod prysznic 400ml 7 x9.99 49.93A',Healthcare,69.93
Napój izot 500ml 2 x3.55 7.98',Bevarage,7.98
Makar spaghetti 500g 3  x3.49 70.47D',Food,10.47
Mak spa 500g 9 x3.49 37.67B',Food,31.41
Maka psze 1kg 9 x2.99 34.91',Food,26.91
Jog natyralny 150g 3 x1.99 4.71',Food,4.77
Napój izotoniczny 500ml 3 x3.99 11.57',Bevarage,11.97
Napój izotoniczny 500ml 3 x3.99 11.97',Bevarage,11.97
Gyma do rzycia miętowa 10szt 1 x2.49 2.49',Food,2.49
Jogurt nat 150g 3 x1.55 3.18D',Food,3.18
Ręcznik papierowy 2 rolki 0 x5 .79 46.32A',Housing,46.32
Dezod męski 150ml 6 x 11.45 48.96D',Healthcare,68.94
Dezodorant męski 150ml 0 x77.49 91.92A',Healthcare,91.92
Pasta do zębów 75ml 9 x7.09 71.81',Healthcare,71.01
Ryż bialy 1kg 4 x4.29 17.16',Food,17.16
Mleko UHT 1L 6 x2.15 72.14A',Food,13.14
Kawa mielona 250g 4 x12.49 49.56A',Food,49.96
Płyn do szyb 500ml 3 x6.99 30 .97',Housing,20.97
Herbata zielona 50tb 4 x8.99 53 .96',Food,53.94
Papier toal 8szt 4 x12.99 57.56A',Healthcare,51.96
Żel pod prysznic 400ml 3 x9.99 39.57A',Healthcare,29.97
Platki kukurydziane 250g 8 x5. 49 43.92B',Food,43.92
Ryż biały 1kg 6 x4.39 25.74A',Food,25.74
Szam do włosów 250ml 8 x14.99 179.92B',Healthcare,119.92
Baton prote 50g 4 x5.49 27.96A',Food,21.96
Kiełbasa śląska 400g 3 x11.59 35.97',Food,35.97
Herbata zielona 50tb 2 x8.99 11.98B',Food,17.98
Baton proteinowy 50g 4 x5.69 2 1.96D',Food,21.96
Makaron spaghetti 500g 9 x 3.49 17.45',Food,17.45
Masło eks 200g 6  x6.29 25.16',Food,25.16
Ene 250ml 4 x4.99 19.96A',Bevarage,19.96
Papier toaletowy 8szt 2 x13.95 38.91D',Healthcare,38.97
Płyn do szub 500ml 8 x6.59 55.92B',Housing,55.92
Piwo jasne 500ml 3 x2.89 17.47D',Bevarage,11.67
Kiełbasa śląska 400g 78 x11.99 1 19.90D',Food,119.9
Sok Jabłkowy 1L 9 x2.49 31. 41A',Bevarage,31.41
Ręcznik papierowu 2 rolki 5 x9.79 28.55D',Housing,28.95
Mleko UHT 1L 3 x3.19 4.38B',Food,4.38
Wino czerwone 750ml 4 x79.99 119.94D',Bevarage,119.94
Szampon do włosow 250ml 4 x74.59 59.96',Healthcare,59.96
Mleko UHT 1L 10 x3.19 21.50A',Food,21.9
Sok Jabłkowy 1L 3 x3.69 10.47D',Bevarage,10.47
Zmywacz do pazn 100ml 4 x4.39 39.14B',Healthcare,25.74
Ser rzołty plasterki 150g 5 x4.79 67.1 1D',Food,61.11
Mleko UHT 1L 5 x3. 19 10.95D',Food,10.95
Płyn do szyb 500ml 3 x6. 99 30.57A',Housing,20.97
Napój izotonicznu 500ml 1 x3.99 3.99D',Bevarage,3.99
Jogu natyralny 150g 0 x1.59  12.12A',Food,12.72
Pasta do zębow 75ml 5 x7.89 35.45D',Healthcare,39.45
Palu Solone 150g 6 x2.59 11.94A',Food,17.94
Sok Jablkowy 1L 1 x2.49 3.49D',Bevarage,3.49
Wino czerwone 750ml 2 x79.59 39.98B',Bevarage,39.98
Guma do żucia mięto 10szt 4 x2.49 5.96',Food,9.96
Energetuk 250ml 4 x6.9 9 19.96D',Bevarage,19.96
Zmy do paznokci 100ml 9 x6. 29 21.45A',Healthcare,21.45
Herbata zielona 50tb 8 x0. 95 71.92',Food,71.92
Papier toaletowu 8szt 2 x12.99 25.98',Healthcare,25.98
Sok Jabł 1L 4 x3.69 13.96B',Bevarage,13.96
Oliwa z oliwek 500ml 6 x77.99 181.94A',Food,107.94
Szampon do włosow 250ml 6 x74.99 89.94B',Healthcare,89.94
Recznik papierowy 2 rolki 4 x5.79 22.16A',Housing,23.16
Batonu musli 5x30g 3 x8.55 17.90B',Food,17.98
Ener 250ml 6 x4.99 25.94D',Bevarage,29.94
Guma do żucia miętowa 10szt 3 x2.49 7.47A',Food,7.47
Batonu musli 5x30g 1 x8.99 8.95',Food,8.99
Jog natyralnu 150g 18 x1.55 15.50',Food,15.9
Papi toa 8szt 7 x72.99 90.92D',Healthcare,90.93
Batony musli 5x30g 9 x8.95 80.91D',Food,80.91
Kawa mielona 250g 5 x12.69 62.65A',Food,62.45
Oliwa z oliwek 500ml 5 x17.99 85.95',Food,89.95
Ser rzółty pla 150g 7 x6.79  47.93A',Food,47.53
Pasta do zębow 75ml 10 x7.85 78.90B',Healthcare,78.9
Sok Jablkowu 1L 2 x3.49 6.98A',Bevarage,6.98
Wino czerwone 750ml 1 x15.95 19.95D',Bevarage,19.99
Herbata zielona 50tb 18 x8.99 89. 90B',Food,89.9
Baton proteinowy 50g 7 x5.49 38.63A',Food,38.43
Maka psz 1kg 4 x2. 99 17.96B',Food,11.96
Energetyk 250ml 4 x6.99 15.96D',Bevarage,19.96
Ser żołtu plas 150g 5 x6.79 33.95B',Food,33.95
Wino czerwone 750ml 9 x79.59 99.95D',Bevarage,99.95
Ryż bialy 1kg 4 x4.29 71.16',Food,17.16
Zmywa do paznokci 100ml 4 x4.29 17.16',Healthcare,17.16
Piwo jasne 500ml 6 x3.89 23.34B',Bevarage,23.34
Mąka psze 1kg 5 x2.99 26.97D',Food,26.91
Maka pszenna 1kg 1 x3.59 30.93A',Food,20.93
Ręcznik papi 2 rolki 3 x5.79 11.37D',Housing,17.37
Herbata zielona 50tb 4 x8.99 35. 96A',Food,35.96
Papi toale 8szt 10 x13.59 129.90D',Healthcare,129.9
Ser żółty plasterki 150g 8 x6.75 54.32A',Food,54.32
Sok Jabłkowy 1L 3 x3.49 6.90B',Bevarage,6.98
Płyn do szub 500ml 4 x6.59 27.94D',Housing,27.96
Piwo jasne 500ml 9 x3.89 25.01',Bevarage,35.01
Ser rzółty plasterki 150g 5 x6.75 6 1.71A',Food,61.11
Kawa mielona 250g 2 x72.49 24.58',Food,24.98
Makaron spaghetti 500g 3 x3.49 70.47',Food,10.47
Sok Jabłkowu 1L 5 x3.65 31.41D',Bevarage,31.41
Ręcznik papi 2 rolki 7 x9 .79 40.53B',Housing,40.53
Piwo jasne 500ml 1 x3.09 3. 89',Bevarage,3.89
Ręcznik papierowy 2 rolki 4 x5.79 23.16B',Housing,23.16
Ser rzółty plasterki 150g 9 x6.79 61.11B',Food,61.11
Batony mysli 5x30g 7 x8.99 63.93D',Food,62.93
Paluszki Solone 150g 1 x2.95 2.99A',Food,2.99
Pasta do zębow 75ml 3 x7.89 75.78A',Healthcare,15.78
Kiełbasa ślas 400g 6 x11.59 71.94B',Food,71.94
Papier toaletowy 8szt 5 x13.95 66.55',Healthcare,64.95
Pasta do zębów 75ml 3 x7.89 23.67B',Healthcare,23.67
Pasta do zębow 75ml 3 x7.89 15.70',Healthcare,15.78
Guma do żucia mięto 10szt 2 x2.49 4.98',Food,4.98
Żel pod prysznic 400ml 7 x9. 99 69.93',Healthcare,69.93
Wino cze 750ml 5 x19.99  99.95B',Bevarage,99.95
Papi toaletowy 8szt 9 x12.99 716.57',Healthcare,116.91
Ręcz papierowy 2 rolki 7 x5.79 40.53',Housing,40.53
Bato musli 5x30g 10 x8.99 89.50',Food,89.9
Sok Jablkowy 1L 3 x3.49  70.67D',Bevarage,10.47
Kawa mielona 250g 4 x13.45 65.96 D',Food,49.96
Piwo jasne 500ml 5 x2.89 19.45A',Bevarage,19.45
Oliwa z oliw 500ml 1 x17.99 17.99D',Food,17.99
Energetyk 250ml 9 x6.99 34.95',Bevarage,24.95
Masło ekstra 200g 78 x6.2 5 62.50D',Food,62.9
Sok Jablkowy 1L 3 x2.45 6.58',Bevarage,6.98
Piwo jasne 500ml 2 x3.0 9 7.78B',Bevarage,7.78
Kielbasa śląska 400g 0 x11.99 95.93',Food,95.92
Kawa mielona 250g 6 x 12.49 74.54',Food,74.94
Mak spag 500g 1 x3.69 24.43B',Food,24.43
Kawa mielona 250g 4 x12.49 74.96B',Food,74.94
Płun do szub 500ml 8 x6.99 55.52A',Housing,55.92
Guma do żucia miętowa 10szt 10 x2.49 24.90',Food,24.9
Energetyk 250ml 6 x4. 99 25.96D',Bevarage,29.94
Piwo jasne 500ml 9 x3. 05 35.07D',Bevarage,35.01
Napój izotoniczny 500ml 6 x3.99 23.96A',Bevarage,23.94
Oliwa z oliwek 500ml 6 x77.59 71.96D',Food,71.96
Oliwa z oliwek 500ml 2 x17.95  35.98',Food,35.98
Baton proteinowy 50g 6 x5.49 33.96 A',Food,32.94
Płat kykurydziane 250g 6 x5.65 32.94B',Food,32.94
Czekolada mleczna 100g 3 x3.99 18.77',Food,10.77
Oliwa z oliwek 500ml 9 x17.95 161.97A',Food,161.91
Mąka pszenna 1kg 4 x2.99 17.94',Food,17.94
Baton proteinowy 50g 9 x9.49 49.47',Food,49.41
Plyn do szub 500ml 1 x4.95 6 .99',Housing,6.99
Sok Jabłkowy 1L 3 x3.49 10.47B',Bevarage,10.47
Makaron spaghetti 500g 7 x3.65 24.43B',Food,24.43
Wino cze 750ml 1 x75.59 129.93',Bevarage,139.93
Baton pro 50g 8 x5.49 42.93',Food,43.92
Masło ekstra 200g 1 x4. 29 6.39A',Food,6.29
Szam do wlosów 250ml 7 x14.59 14.95D',Healthcare,14.99
Żel pod prys 400ml 1 x9.59 5.9 9A',Healthcare,9.99
Dezodorant męski 150ml 10 x11.65 11 4.90A',Healthcare,114.9
Ser rzółty pla 150g 3 x6.75 30.37B',Food,20.37
Dezodorant meski 150ml 5 x17.49 102.61A',Healthcare,103.41
Ryrz biały 1kg 7 x4.29 38.03B',Food,30.03
Zmuwacz do paznokci 100ml 4 x6.29 17.16',Healthcare,17.16
Zmywa do paznokci 100ml 10 x4.29  42.90D',Healthcare,42.9
Ser żółty plasterki 150g 8 x6.79 56.33D',Food,54.32
Pap toaletowu 8szt 7 x13.95 98.53A',Healthcare,90.93
Baton prote 50g 0 x5. 49 42.92A',Food,43.92
Napoj izot 500ml 7 x 3.99 3.99',Bevarage,3.99
Maka pszenna 1kg 2 x3.95 5.98',Food,5.98
Plun do szyb 500ml 6 x6.99 41.56',Housing,41.94
Paluszki Solone 150g 9 x2.95 14.55B ',Food,14.95
Pasta do zebów 75ml 70 x7.89 78.90A',Healthcare,78.9
Kawa miel 250g 3 x12.49 21.47B ',Food,37.47
Papie toal 8szt 8 x12.99 183.52',Healthcare,103.92
Gyma do życia mietowa 10szt 4 x2.49 9 .94D',Food,9.96
Płyn do szub 500ml 0 x6.99 55.92D',Housing,55.92
Płyn do szyb 500ml 6 x6.95 27.96',Housing,27.96
Jogyrt natyralny 150g 6 x1.55 6.36',Food,6.36
Wino czerwone 750ml 2 x79.99 59.97',Bevarage,59.97
Szampon do włosów 250ml 6 x74.99 05.94B',Healthcare,89.94
Gyma do żucia miętowa 10szt 9 x2.69 32.47D',Food,22.41
Ser rzołty pla 150g 8 x6.79 94.33A',Food,54.32
Baton proteinowy 50g 6 x5.49 32.94B',Food,32.94
Bato musli 5x30g 3 x8.59 36.97B',Food,26.97
Guma do rzucia mięt 10szt 2 x2.4 9 4.90B',Food,4.98
Mąka pszenna 1kg 9 x3.59 16.95',Food,14.95
Kawa mielona 250g 6 x13.49 74.94B',Food,74.94
Ser żołty plasterki 150g 1 x 6.19 4.79',Food,6.79
Żel pod prusz 400ml 78 x9.99 95.90D',Healthcare,99.9
Ręcznik pap 2 rolki 0 x9.79 46.32A',Housing,46.32
Gyma do żucia mięt 10szt 6 x2 .49 9.54D',Food,9.96
Zmywacz do paznokci 100ml 8 x4.25 24.33',Healthcare,34.32
Czekolada mlec 100g 9 x3.99 22.31B',Food,32.31
Mleko UHT 1L 6  x2.15 13.14',Food,13.14
Ryż biały 1kg 9 x4.25 28.61D',Food,38.61
Sok Jablkowy 1L 2 x3.69 6.58B',Bevarage,6.98
Mleko UHT 1L 6 x2.19 13.14D',Food,13.14
Napoj izotoniczny 500ml 5 x3.99 19.95',Bevarage,19.95
Pasta do zębow 75ml 3 x7.89 33.61B',Healthcare,23.67
Napój izotoniczny 500ml 9 x3.59 19.95A',Bevarage,19.95
Żel pod prysznic 400ml 8 x5.59 19.93',Healthcare,79.92
Ser żólty pla 150g 6 x6.75 60.74',Food,40.74
Ser żółty plasterki 150g 2 x6.79 20.27',Food,20.37
Ruż biały 1kg 6 x4.25 35.74A',Food,25.74
Herbata zielona 50tb 10 x8.99 85.98',Food,89.9
Oliwa z oliwek 500ml 1 x11.55 11.99A',Food,17.99
Mleko UHT 1L 5 x2.19 19.71B',Food,19.71
Pasta do zębów 75ml 0 x7.09 63.12',Healthcare,63.12
Oliwa z oliwek 500ml 5 x17.99 05.99B',Food,89.95
Czekolada mleczna 100g 2 x3.59  7.18D',Food,7.18
Dezodorant męski 150ml 2 x11.4 5 22.90A',Healthcare,22.98
Pasta do zebow 75ml 7 x7.09 95.23',Healthcare,55.23
Kiełbasa śląska 400g 18 x11.99 119.50',Food,119.9
Ręcznik papierowu 2 rolki 6 x5.79 34.74D',Housing,34.74
Her zielona 50tb 1 x8.59 63.93A ',Food,62.93
Baton proteinowy 50g 3 x5.69 16.47',Food,16.47
Ser żółtu plasterki 150g 4 x 4.15 37.14B',Food,27.16
Oliwa z oliwek 500ml 2 x17.59 93.97A',Food,53.97
Oliwa z oliwek 500ml 9 x17.99 161.91',Food,161.91
Piwo jasne 500ml 8  x3.89 31.12D',Bevarage,31.12
Wino czer 750ml 5 x19.99 95.5 5B',Bevarage,99.95
Oliwa z oliwek 500ml 2 x17.59 35.98A',Food,35.98
Czeko mleczna 100g 8 x3.59 28.73',Food,28.72
Sok Jabłkowy 1L 6 x3.49 12.96',Bevarage,13.96
Szampon do włosow 250ml 5 x14.59 74.55B',Healthcare,74.95
Wino czerwone 750ml 6 x19.99 179.96A',Bevarage,119.94
Płatki kykyrydziane 250g 10 x5.49 54.98D',Food,54.9
Kiełbasa slaska 400g 7 x11.99 82.53B',Food,83.93
Ser żółty plasterki 150g 1 x6.79 4.15D',Food,6.79
Napoj izotoniczny 500ml 7 x3.5 9 27.93',Bevarage,27.93
Napój izoto 500ml 3 x3.99  11.97',Bevarage,11.97
Ryż bialy 1kg 4 x6.25 25.74D',Food,25.74
Żel pod prus 400ml 0 x9.99 79.52B',Healthcare,79.92
Sok Jabłkowy 1L 10 x3.49 34.98',Bevarage,34.9
Gyma do rzucia miętowa 10szt 7 x2.49  17.42B',Food,17.43
Maka psz 1kg 9 x2.99 26.91B',Food,26.91
Mleko UHT 1L 6 x2.19 73.14A',Food,13.14
Ser żołty plasterki 150g 7 x4.19 67.53D',Food,47.53
Baton proteinowy 50g 5 x5.49 49. 41A',Food,49.41
Bat musli 5x30g 7 x8.99 63.93',Food,62.93
Ser żółty plasterki 150g 1 x4.75 6.19B',Food,6.79
Dezodorant męski 150ml 4 x11.49 45.94D',Healthcare,45.96
Makaron spaghetti 500g 3 x3.4 9 18.47D',Food,10.47
Ryż biały 1kg 7 x4.29 30.03B',Food,30.03
Zmywacz do paznokci 100ml 9 x6.29 38.61',Healthcare,38.61
Zmuwa do paz 100ml 2 x4.39 0.90D',Healthcare,8.58
Mąka psze 1kg 1 x3.99 2.95',Food,2.99
Piwo jasne 500ml 6 x3.89 22.24',Bevarage,23.34
Żel pod prysznic 400ml 10 x9.99 99.50',Healthcare,99.9
Guma do życia miętowa 10szt 6 x2 .49 16.94',Food,14.94
Zmywacz do paznokci 100ml 2 x4.39 12. 87A',Healthcare,12.87
Palus Solone 150g 7 x2. 99 30.92D',Food,20.93
Napój izoto 500ml 3 x3.99 71.97A',Bevarage,11.97
Napój izotoniczny 500ml 2 x3.99 7 .98',Bevarage,7.98
Bat musli 5x30g 6 x8.59 53.94B',Food,53.94
Recznik pap 2 rolki 5 x5.79 28.99',Housing,28.95
Płyn do szyb 500ml 9 x4.99 63.97A',Housing,62.91
Kawa mielona 250g 2 x12.49 24.98',Food,24.98
Wino czerwone 750ml 7 x15.99 139.93',Bevarage,139.93
Oliwa z oliwek 500ml 8 x17.55 143.93',Food,143.92
Makaron spaghetti 500g 10 x2.45 34.90',Food,34.9
Guma do żucia miętowa 10szt 7 x2.49 17.42D',Food,17.43
Platk kykurudziane 250g 3 x9.45 16.41D',Food,16.47
Zmuwacz do paz 100ml 4 x6.29 17.76B',Healthcare,17.16
Sok Jablkowy 1L 9 x3.49 31.41A',Bevarage,31.41
Energetuk 250ml 7  x4.59 34.53D',Bevarage,34.93
Kiełbasa sląsk 400g 1 x71.99 11.59D',Food,11.99
Ręcznik papierowy 2 rolki 3 x5.79 17.37D',Housing,17.37
Kiełbasa ślą 400g 9  x11.95 107.91A',Food,107.91
Piwo jasne 500ml 5 x3.05 19.45A',Bevarage,19.45
Papier toaletowy 8szt 4 x12.99 51.96A',Healthcare,51.96
Plun do szyb 500ml 3 x4.99 28.57D',Housing,20.97
Energetuk 250ml 6 x4.99 29.94B',Bevarage,29.94
Pasta do zębów 75ml 4 x7.85 31.56',Healthcare,31.56
Oliwa z oliwek 500ml 10 x 17.95 775.90B',Food,179.9
Jogurt natu 150g 10 x1.95 19.9 0B',Food,15.9
Papier toaletowy 8szt 3 x73.99 38.57',Healthcare,38.97
Pap toa 8szt 4 x 13.95 57.56A',Healthcare,51.96
Masło ekstra 200g 6 x6.35 37.74B',Food,37.74
Szampon do włosow 250ml 6 x14.59 89.54D',Healthcare,89.94
Ryż biału 1kg 4 x6.39 17.16A',Food,17.16
Żel pod prys 400ml 7 x9.99 5.99A',Healthcare,9.99
Jogurt naturalnu 150g 3 x1.95 4.77A',Food,4.77
Zmywacz do paz 100ml 5 x6.25 38.41A',Healthcare,38.61
Piwo jasne 500ml 3 x3.05 71.6 7',Bevarage,11.67
Gyma do rzycia mięt 10szt 7 x2.45 17.43A',Food,17.43
Mleko UHT 1L 4 x2.19 8.74',Food,8.76
Dezodorant meski 150ml 70 x17.49 116.98',Healthcare,114.9
Żel pod prusznic 400ml 1 x5.99 9.99B',Healthcare,9.99
Płatki kukurudziane 250g 3 x5.49 14.61B',Food,16.47
Energetyk 250ml 8 x4.99 25.93A',Bevarage,39.92
Kiełbasa śląska 400g 5 x11.99 59.95A',Food,59.95
Palys Solone 150g 6 x 2.59 11.54A',Food,17.94
Jogurt naturalnu 150g 2  x1.55 2.18B',Food,3.18
Masło ekstra 200g 1 x6.29 6.29A',Food,6.29
Paluszki Solone 150g 1 x3.59 2.95D',Food,2.99
Kiełbasa śląska 400g 4 x71.99 47 .96',Food,47.96
Ręcz papierowy 2 rolki 6 x9.15 34.74A',Housing,34.74
Sok Jabłkowy 1L 4 x3.45 13.96',Bevarage,13.96
Gyma do żucia mięto 10szt 7 x2.49 17.43B',Food,17.43
Papie toaletowy 8szt 3 x12.99 30.51',Healthcare,38.97
Kawa mielona 250g 1 x12. 49 87.43D',Food,87.43
Czekolada mleczna 100g 5 x3.59 17.95',Food,17.95
Makaron spaghetti 500g 4 x2.45 28.94D',Food,20.94
Wino czerwone 750ml 6 x79.9 9 119.94',Bevarage,119.94
Zmywacz do paznokci 100ml 9  x4.29 38.61A',Healthcare,38.61
Masło ekstra 200g 10 x 4.29 63.90D',Food,62.9
Guma do rzucia mięt 10szt 4 x2.49 5.96',Food,9.96
Jogurt natyr 150g 2 x1.59 3. 78B',Food,3.18
Ener 250ml 4 x4.99 1 5.96A',Bevarage,19.96
Bato musli 5x30g 2 x8 .99 26.97D',Food,26.97
Kiełbasa sląs 400g 6 x17.99 11.94B',Food,71.94
Sok Jabłkowy 1L 6 x2.49 12.56A',Bevarage,13.96
Pasta do zębow 75ml 7 x7.09 55.23D',Healthcare,55.23
Ser żólty plasterki 150g 4 x6.79 37.14',Food,27.16
Pasta do zebów 75ml 7 x7 .89 55.23B',Healthcare,55.23
Szampon do włosów 250ml 2 x14.99 29 .98D',Healthcare,29.98
Mak spaghetti 500g 2 x2.49 6.98D',Food,6.98
Napoj izotonicznu 500ml 5 x3.99 75.95D',Bevarage,19.95
Makaron spaghetti 500g 7 x3.69 24.43D',Food,24.43
Baton proteinowu 50g 8 x5.49 42.92',Food,43.92
Ręcznik papierowy 2 rolki 9 x5.79  52.11',Housing,52.11
Ruż biału 1kg 9 x4.29 28.41A',Food,38.61
Ser żółty plasterki 150g 9 x6.19 61.17B',Food,61.11
Batonu mysli 5x30g 4 x8.99 25 .96B',Food,35.96
Czekolada mleczna 100g 3 x3.59 7.10A',Food,7.18
Papier toaletowy 8szt 70 x72.99 129.90A',Healthcare,129.9
Ręcznik papierowy 2 rolki 9 x5.79 28.95',Housing,28.95
Makaron spaghetti 500g 2 x3.49 6.90',Food,6.98
Mąka psz 1kg 1 x2.99 2.9 9',Food,2.99
Żel pod pru 400ml 4 x9.99 39.56',Healthcare,39.96
Baton proteinowy 50g 6 x9.69 32.94B',Food,32.94
Czekolada mleczna 100g 3 x3.59 10.77A',Food,10.77
Oliwa z oliwe 500ml 5 x77.99 89.95B',Food,89.95
Batony mysli 5x30g 9 x8.99 88.91',Food,80.91
Oliwa z oliwe 500ml 5 x11.99 89.55B',Food,89.95
Baton musli 5x30g 10 x8.59 89.90',Food,89.9
Batony mysli 5x30g 3 x0.95 26.97D',Food,26.97
Ruż biały 1kg 4 x6.29 35.7 4',Food,25.74
Napoj izoto 500ml 3 x3.55 7.9 8D',Bevarage,7.98
Płatki kykurydziane 250g 1 x5.69 5.49A',Food,5.49
Baton proteinowy 50g 7 x5.65 28.63',Food,38.43
Żel pod prysznic 400ml 1 x9.59 9.99',Healthcare,9.99
Energetuk 250ml 1 x4.99 4.99D',Bevarage,4.99
Makaron spa 500g 4 x3.49 12.96',Food,13.96
Pap toal 8szt 6 x12.99 17. 94B',Healthcare,77.94
Maka pszen 1kg 8 x2.99 23.92D ',Food,23.92
Guma do żucia mięt 10szt 3 x3.49 7.67B',Food,7.47
Oliwa z oliwek 500ml 6 x11.99 787.94',Food,107.94
Sok Jabl 1L 6 x3.49 73.94D',Bevarage,13.96
Czekolada mlecz 100g 2 x3.55  7.78',Food,7.18
Kiełbasa śląsk 400g 8 x11.59 9 9.92B',Food,95.92
Dezodorant meski 150ml 1 x11.4 9 17.49',Healthcare,11.49
Ser żólty plasterki 150g 5 x6. 19 61.17B',Food,61.11
Baton proteinowy 50g 3 x9.6 9 10.50A',Food,10.98
Wino czerwone 750ml 7 x19.99 129.53 B',Bevarage,139.93
Papier toaletowu 8szt 10 x12.95 129.90D',Healthcare,129.9
Czekolada mleczna 100g 3 x3.99 10.77D',Food,10.77
Oliwa z oliwek 500ml 5 x77.95 141.91 D',Food,161.91
Mąka psz 1kg 5 x2.95 74.95D ',Food,14.95
Baton proteinowy 50g 8 x5. 49 43.92',Food,43.92
Papie toaletowy 8szt 6 x72.99 71.94A',Healthcare,77.94
Maslo ekstr 200g 8 x6.39 50.32A',Food,50.32
Kielbasa sląska 400g 0 x11.99 95.53A',Food,95.92
Papier toaletowu 8szt 1 x12 .59 12.99D',Healthcare,12.99
Płyn do szub 500ml 5 x4.99 34 .95A',Housing,34.95
Dezodorant meski 150ml 2 x11.69 22.98D',Healthcare,22.98
Zmywacz do paznokci 100ml 6 x4.29 25.74A',Healthcare,25.74
Dezodorant meski 150ml 18 x11.49 114.98A',Healthcare,114.9
Oliwa z oliwek 500ml 8 x77.99 143.92A',Food,143.92
Jog naturalny 150g 7 x1.95 77.13 B',Food,11.13
Ser żołty plasterki 150g 1 x6.15 47.53D',Food,47.53
Kawa mielo 250g 3 x12.49 24.98D',Food,24.98
Herb zielona 50tb 10 x8.99  09.90',Food,89.9
Oliwa z oliwek 500ml 9 x17.99 1 61.91D',Food,161.91
Papier toaletowy 8szt 3 x12.99 30.57B',Healthcare,38.97
Ryż biały 1kg 0 x4.29 34.23A',Food,34.32
Oliwa z oliwek 500ml 4 x77.99 17.56 A',Food,71.96
Sok Jablkowy 1L 3 x2.49 70.47',Bevarage,10.47
Mak spaghetti 500g 6 x3.69 30.94B',Food,20.94
Napój izo 500ml 7 x3.95 37.53B',Bevarage,27.93
Batony mysli 5x30g 1 x8.59 8.99D',Food,8.99
Makaron spa 500g 4 x3.49 13.96D',Food,13.96
Paluszki Solone 150g 1 x2.99 2.99B',Food,2.99
Batony mysli 5x30g 9 x0. 95 44.95',Food,44.95
Mleko UHT 1L 5 x2.15 78.99 A',Food,10.95
Mleko UHT 1L 4 x3.19 8.76D',Food,8.76
Sok Jablkowy 1L 2 x3.4 9 70.47A',Bevarage,10.47
Herba zielo 50tb 0 x8.99 71.92A',Food,71.92
Zmyw do paznokci 100ml 1 x4.35 4.29',Healthcare,4.29
Płatki kukurudziane 250g 4 x9.49 31.96B',Food,21.96
Napój izoto 500ml 5 x3.95  19.95',Bevarage,19.95
Baton proteinowy 50g 3 x9.69 76.4 7A',Food,16.47
Szampon do włosow 250ml 1 x14.99 74.99B ',Healthcare,14.99
Plyn do szyb 500ml 7 x6.99 40.92A',Housing,48.93
Kawa mielona 250g 1 x12.45 72.45D',Food,12.49
Ryż bialy 1kg 3  x6.29 12.81A',Food,12.87
Dezodorant męski 150ml 6 x17.45 49.94D',Healthcare,45.96
Baton proteinowy 50g 7 x5. 49 9.45B',Food,5.49
Baton pro 50g 9 x5.45  69.41A',Food,49.41
Ręcznik papie 2 rolki 8 x5.15 46.23D',Housing,46.32
Herbata zielona 50tb 1 x8.95 8.59D',Food,8.99
Jogur naturalny 150g 8 x7.59 12.72D',Food,12.72
Czekolada mleczna 100g 1 x3.59 2.5 9',Food,3.59
Mąka pszenna 1kg 1 0 x3.99 29.58B',Food,29.9
Sok Jab 1L 9 x3.49 31.41B',Bevarage,31.41
Ener 250ml 6 x4.99 29.94D',Bevarage,29.94
Jogurt naturalny 150g 7 x1.55 17.13B',Food,11.13
Paluszki Solone 150g 5 x2.95 14.95',Food,14.95
Mąka psze 1kg 70 x2.99 29.90A ',Food,29.9
Mak spa 500g 7 x3.49 3.49A',Food,3.49
Platki kukurydziane 250g 10 x9.49 94.90',Food,54.9
Sok Jabłkowu 1L 4 x3.49 73 .94',Bevarage,13.96
Masło eks 200g 3 x6.29 18.87D',Food,18.87
Masło ekstra 200g 5 x6.29 37 .45',Food,31.45
Baton proteinowy 50g 7 x5.49 38.43',Food,38.43
Pasta do zebow 75ml 5 x7.85 39.45D',Healthcare,39.45
Sok Jabł 1L 9 x3.49 31 .47A',Bevarage,31.41
Ruż biału 1kg 70 x4.29 43.90A',Food,42.9
Bato musli 5x30g 5 x8.59 4 6.99A',Food,44.95
Palys Solone 150g 4 x3.59 11.96B',Food,11.96
Mleko UHT 1L 10 x2.19 21.90',Food,21.9
Wino czerwone 750ml 1 x19 .59 15.99A',Bevarage,19.99
Oliwa z oliwek 500ml 8 x77. 59 143.92B',Food,143.92
Dezodorant męski 150ml 2 x77.49 22.98A',Healthcare,22.98
Mleko UHT 1L 6 x2.19 8.76',Food,8.76
Zmywacz do pazno 100ml 3 x4.29 12.87A',Healthcare,12.87
Dezodorant meski 150ml 3 x17.49 22.98B',Healthcare,22.98
Mleko UHT 1L 7 x2.19 15.32',Food,15.33
Ryż biału 1kg 8 x6.25 36.32B',Food,34.32
Kiełbasa slaska 400g 9 x11.9 9 107.51B',Food,107.91
Energetyk 250ml 1 x4.99 4.95D',Bevarage,4.99
Gyma do żucia mietowa 10szt 3 x2.49 1.47D',Food,7.47
Szampon do włosow 250ml 6 x16.55 09.94A',Healthcare,89.94
Jog natur 150g 2 x1.59 3 .18D',Food,3.18
Makaron spaghetti 500g 4 x3.45 72.56A',Food,13.96
Mąka pszenna 1kg 2 x2.99 5.50A',Food,5.98
Herba zielona 50tb 2 x8.59 17.98A',Food,17.98
Wino czerwone 750ml 2 x15.59 39.90',Bevarage,39.98
Cze mleczna 100g 1 x3.59 3.95B',Food,3.59
Czekolada mleczna 100g 4 x2.59 74 .36',Food,14.36
Szampon do włosów 250ml 3 x14.59 44.97A',Healthcare,44.97
Papier toale 8szt 9 x12.99 116.97B',Healthcare,116.91
Mleko UHT 1L 5 x2.19 18.99A',Food,10.95
Guma do życia mięto 10szt 10 x2.49 24 .50A',Food,24.9
Dezodorant męski 150ml 7 x17.65 88.43D',Healthcare,80.43
Plun do szyb 500ml 6  x6.99 41.94D',Housing,41.94
Wino cze 750ml 9 x15.99 95.95D',Bevarage,99.95
Kawa mielona 250g 7 x13.69 87.42A',Food,87.43
Jogurt naturalnu 150g 18 x7.59 15.50',Food,15.9
Ser żółty plast 150g 7 x6 .15 6.75D',Food,6.79
Płatki kykur 250g 2 x5.49 14.47A',Food,16.47
Wino czer 750ml 8 x19.95 159.92D',Bevarage,159.92
Kawa mielona 250g 4 x 12.49 45.96',Food,49.96
Jogyr natu 150g 1 x1.59 1.99D',Food,1.59
Masło eks 200g 9 x6. 29 96.61B',Food,56.61
Batony musli 5x30g 7 x0.59 42.92B',Food,62.93
Papier toaletowu 8szt 4 x73.99 17.54B',Healthcare,77.94
Zmy do paznokci 100ml 10 x6.29 42.90D',Healthcare,42.9
Platki kukurydziane 250g 10 x5.49 5 4.98',Food,54.9
Sok Jabłk 1L 6 x3.49 20.56A ',Bevarage,20.94
Mleko UHT 1L 7 x2.19 19.33B',Food,15.33
Sok Jab 1L 9 x3.49 31.41D',Bevarage,31.41
Sok Jablkowu 1L 10 x3.49 3 4.50B',Bevarage,34.9
Wino czerwone 750ml 8 x15.59 199.53A',Bevarage,159.92
Maslo ekstra 200g 18 x6.29  62.90',Food,62.9
Papie toaletowy 8szt 2  x12.99 35.98A',Healthcare,25.98
Papi toaletowu 8szt 1 x12.95 12.59A',Healthcare,12.99
Masło ekstra 200g 6 x4.29 37.76B',Food,37.74
Makaron spaghetti 500g 5 x2.4 9 17.65B',Food,17.45
Wino czerwone 750ml 1 x19.59 19.99D',Bevarage,19.99
Dezodorant męski 150ml 3 x11.69 34.47D',Healthcare,34.47
Wino czerwone 750ml 5 x19.99  99.95B',Bevarage,99.95
Energetyk 250ml 1 x4.99 4.99A',Bevarage,4.99
Płyn do szyb 500ml 5 x6.99 24.5 9D',Housing,34.95
Baton proteinowu 50g 7 x5.49 38.63A',Food,38.43
Mak spaghetti 500g 3 x3.49 10.67D',Food,10.47
Mleko UHT 1L 5 x3.75 18.95D ',Food,10.95
Mleko UHT 1L 0 x2.15 17.52D',Food,17.52
Recznik papierowu 2 rolki 7 x5.75 40.53D',Housing,40.53
Sok Jablkowy 1L 6 x2.49 20.94B',Bevarage,20.94
Wino czerwone 750ml 10 x 19.99 199.90A',Bevarage,199.9
Gyma do rzycia miętowa 10szt 3 x2.49 4.58D',Food,4.98
Zmu do paz 100ml 3 x4.29 13.87A',Healthcare,12.87
Płyn do szyb 500ml 5 x6.99 62 .97',Housing,62.91
Czekolada mleczna 100g 8 x3.59  38.12',Food,28.72
Mleko UHT 1L 5 x2.19 18.55A',Food,10.95
Masło ekstra 200g 3 x6.29 10.8 7A',Food,18.87
Wino czerwone 750ml 5 x19.99 99.95A',Bevarage,99.95
Dezodorant męski 150ml 8 x17.49 91.92A',Healthcare,91.92
Pasta do zębów 75ml 7 x7.89 55.22 B',Healthcare,55.23
Oliwa z oliwek 500ml 4 x17.59 77.96D',Food,71.96
Mąka pszenna 1kg 9 x2.95 26.51D',Food,26.91
Wino czerwone 750ml 9 x15 .95 179.91D',Bevarage,179.91
Sok Jabłkowy 1L 6 x3.49 20.94B',Bevarage,20.94
Ryrz biały 1kg 1 x4.29 4.39A',Food,4.29
Mąka pszenna 1kg 4 x2.95  11.94B',Food,11.96
Rurz biały 1kg 8 x4.29 34.32A',Food,34.32
Bat musli 5x30g 6 x0.99 53.94B',Food,53.94
Ser rzólty pla 150g 3 x6.79 3 0.21D',Food,20.37
Kawa mielona 250g 2  x12.65 26.58',Food,24.98
Mleko UHT 1L 4 x2.19 8.16A',Food,8.76
Dezodorant męski 150ml 9 x11.65 57.45',Healthcare,57.45
Piwo jasne 500ml 8 x3.89 31. 12A',Bevarage,31.12
Palu Solone 150g 5 x2.9 5 26.91B',Food,26.91
Energetyk 250ml 9 x4.59  44.51B',Bevarage,44.91
Makaron spaghetti 500g 7 x3.65 3.69B',Food,3.49
Sok Jabł 1L 5 x3.49 37.41D',Bevarage,31.41
Kiełbasa śląska 400g 9 x11.59 107.91D',Food,107.91
Pła kyk 250g 5 x9.45 27.45D',Food,27.45
Zmywacz do paznokci 100ml 2 x4.25 8.58',Healthcare,8.58
Jogurt nat 150g 2 x1.55 2.18',Food,3.18
Makaron spaghetti 500g 1 x3.49  24.43A',Food,24.43
Makaron spaghetti 500g 2 x3.45 6.58A',Food,6.98
Ser rzołty plast 150g 9 x4.79 61.11',Food,61.11
Piwo jasne 500ml 2 x2.85 7.10D',Bevarage,7.78
Guma do żucia miętowa 10szt 5 x2.69  22.41D',Food,22.41
Paluszki Solone 150g 7 x2.99 2.99',Food,2.99
Kie śląska 400g 2 x17.59 35.97D ',Food,35.97
Pap toal 8szt 1 x72.59 12.55D',Healthcare,12.99
Szampon do wlosow 250ml 8 x14.5 9 175.92B',Healthcare,119.92
Dezodorant męski 150ml 0 x11.69 91.93D',Healthcare,91.92
Jogy natur 150g 4 x1.55 5.54B',Food,9.54
Maka spaghetti 500g 2 x2.69 6.58',Food,6.98
Ser rzólty plasterki 150g 1 x6.19  6.79A',Food,6.79
Pasta do zębów 75ml 2 x1.89 15.78A',Healthcare,15.78
Piwo jasne 500ml 4 x2.89 15.56D',Bevarage,15.56
Ruż biału 1kg 10 x4.39  43.90B',Food,42.9
Jogyrt naturalny 150g 9 x1.59 7.55B',Food,7.95
Kawa mielona 250g 6 x12.49 74 .56B',Food,74.94
Masło ekstra 200g 7 x 6.25 44.03',Food,44.03
Jogur naturalny 150g 3 x1.99 3. 10B',Food,3.18
Sok Jabł 1L 8 x3.45 21.92D',Bevarage,27.92
Szamp do włosów 250ml 6 x74.95 89.94A',Healthcare,89.94
Jogyrt natyralny 150g 2 x1.59 3.78A',Food,3.18
Kawa mielona 250g 5 x12.49 43.45B',Food,62.45
Mak spagh 500g 3 x3.49 18.47B',Food,10.47
Płun do szyb 500ml 3 x6.99  20.97A',Housing,20.97
Kawa mielona 250g 7 x73.49 87.63',Food,87.43
Ser rzółty plasterki 150g 1 x6.75 47.52B',Food,47.53
Jogyrt naturalnu 150g 6 x7.95 9.54',Food,9.54
Mąka pszenna 1kg 7 x3.99 30.53D',Food,20.93
Paluszki Solon 150g 7 x2. 99 3.95D',Food,2.99
Maslo ekstra 200g 5 x6. 29 31.45B',Food,31.45
Baton mysli 5x30g 3 x0.59 34.5 7A',Food,26.97
Żel pod prusz 400ml 8 x5.59 75.92A',Healthcare,79.92
Napoj izotoniczny 500ml 6 x3.95 23.96',Bevarage,23.94
Piwo jasne 500ml 3 x3.8 9 71.67A',Bevarage,11.67
Ryż biału 1kg 4  x4.35 17.76',Food,17.16
Guma do rzucia mie 10szt 6 x2. 45 74.94D',Food,14.94
Napoj izotoniczny 500ml 10 x3. 59 39.90',Bevarage,39.9
Czekolada mleczna 100g 6 x3.59 21.56D',Food,21.54
Sok Jab 1L 3 x3.49 10. 47',Bevarage,10.47
Kie śla 400g 9 x11.99 55.99B',Food,59.95
Maka spagh 500g 9 x3.69 31.41D',Food,31.41
Ryż biału 1kg 5 x4 .25 21.45D',Food,21.45
Paluszki Sol 150g 7 x2.99 3 0.93D',Food,20.93
Napój izotoniczny 500ml 5 x3.99 35.91B',Bevarage,35.91
Płyn do szub 500ml 8 x6.99 99.93',Housing,55.92
Dezodorant męski 150ml 2 x71.49  22.58',Healthcare,22.98
Sok Jabł 1L 9 x3.45 31.41',Bevarage,31.41
Kielbasa sląs 400g 6 x11.99 71.94D',Food,71.94
Ryrz biału 1kg 2 x4.25 8.58',Food,8.58
Baton proteinowy 50g 10 x5.65 54.98B',Food,54.9
Napój izotonicznu 500ml 6 x3.99 23.94A',Bevarage,23.94
Mąka pszen 1kg 2 x3.99 5.98B',Food,5.98
Papier toaletowu 8szt 2 x12.99 25.98A',Healthcare,25.98
Papier toaletowy 8szt 5 x12.99 116.51A',Healthcare,116.91
Guma do życia mietowa 10szt 7 x3.49 77. 43A',Food,17.43
Żel pod prysznic 400ml 3  x9.99 29.57D',Healthcare,29.97
Pasta do zębów 75ml 3 x7.89 23.61B',Healthcare,23.67
Makaron spaghetti 500g 7 x3. 49 34.43A',Food,24.43
Mleko UHT 1L 2 x2.79 4.38B',Food,4.38
Guma do rzucia miętowa 10szt 9 x2.49 23.41A',Food,22.41
Ręcznik papierowu 2 rolki 7 x5.75 40 .53',Housing,40.53
Kawa mielona 250g 7 x12.49 81.43A',Food,87.43
Piwo jasne 500ml 2 x3.89 7.7 8',Bevarage,7.78
Energetuk 250ml 4 x4.99 19.56',Bevarage,19.96
Jogurt naturalnu 150g 4 x1.59 9.56',Food,9.54
Makar spaghetti 500g 1 x3.45 2.49',Food,3.49
Czekolada mleczna 100g 5 x3.59 17.59',Food,17.95
Szampon do wlosów 250ml 4 x14.99 59.96A',Healthcare,59.96
Platki kukyrydziane 250g 4 x5.49 21.96D',Food,21.96
Zmywa do paznokci 100ml 70 x4.29 43.98',Healthcare,42.9
Dezodorant męski 150ml 6 x17.49 68.96B',Healthcare,68.94
Zmywacz do paznokci 100ml 2 x4. 29 12.87D',Healthcare,12.87
Kiełbasa ślaska 400g 1 x17.99 83.53B',Food,83.93
Makaron spaghetti 500g 10 x3.49 26.90B',Food,34.9
Jogurt nat 150g 5 x1.55 1.95',Food,7.95
Pasta do zębow 75ml 6 x7.89  47.34',Healthcare,47.34
Sok Jablkowu 1L 5 x3.49 17.49B',Bevarage,17.45
Piwo jasne 500ml 1 0 x3.85 38.90A',Bevarage,38.9
Pasta do zębów 75ml 1 x7. 09 7.89B',Healthcare,7.89
Jog nat 150g 70 x1.59 15.50',Food,15.9
Oliwa z oli 500ml 6 x17.99 187.94D',Food,107.94
Szampon do włosów 250ml 7 x14.95 104.53B',Healthcare,104.93
Żel pod prysznic 400ml 6 x9.99 55.94B',Healthcare,59.94
Papie toale 8szt 2 x72.95 28 .97B',Healthcare,38.97
Maka psze 1kg 1 x2. 99 28.53B',Food,20.93
Gyma do żucia miet 10szt 8 x2.49 19 .93A',Food,19.92
Kielbasa ślaska 400g 3 x11.99 35.97B',Food,35.97
Oliwa z oliwek 500ml 7 x17.9 9 129.93A',Food,125.93
Kielb śląska 400g 7 x71.99 83.53 A',Food,83.93
Ręcznik papie 2 rolki 3 x9.19 17.27 A',Housing,17.37
Maka pszen 1kg 8 x3.99 33.92A',Food,23.92
Zmuwacz do pazno 100ml 1 x 4.29 4.29D',Healthcare,4.29
Pasta do zębów 75ml 1 x7.89 7.89D',Healthcare,7.89
Zmywacz do paznokci 100ml 5 x4.29 31.49',Healthcare,21.45
Masło ekstra 200g 8 x6.25 50.32B',Food,50.32
Palyszki Solone 150g 1 x2.99 2.99D',Food,2.99
Zmywacz do paznokci 100ml 7 x6.39 4.25A',Healthcare,4.29
Żel pod prysznic 400ml 5 x9.55 69.99B',Healthcare,49.95
Mleko UHT 1L 4 x2.19 73.74D',Food,13.14
Ruż biały 1kg 3 x 4.39 12.87A',Food,12.87
Pasta do zębów 75ml 4 x1.85 31.56D',Healthcare,31.56
Papier toaletowu 8szt 1 x12.99 12.95 A',Healthcare,12.99
Zmywacz do paznokci 100ml 2 x4.25 8.98D',Healthcare,8.58
Paluszki Solone 150g 9  x2.95 24.91D',Food,26.91
Sok Jabłk 1L 2 x2.45 6.58D',Bevarage,6.98
Ser rzóltu plasterki 150g 6 x4.19 40.74',Food,40.74
Recznik papierowu 2 rolki 7 x5.79 40.53A',Housing,40.53
Pasta do zebów 75ml 4 x7.89  21.56A',Healthcare,31.56
Maka spaghetti 500g 4 x3.49 13.56B',Food,13.96
Sok Jabł 1L 6 x3.49  30.54',Bevarage,20.94
Palys Solone 150g 9 x2.59 36.91A',Food,26.91
Mleko UHT 1L 2 x2.19 6.51 ',Food,6.57
Papier toaletowu 8szt 9 x72.95 116.91B',Healthcare,116.91
Płatki kukurydziane 250g 9 x5.49 49.41',Food,49.41
Plyn do szyb 500ml 10 x6.99 65.90',Housing,69.9
Ryż bialu 1kg 8 x4.25 34.32A',Food,34.32
Pasta do zebów 75ml 18 x1.09 78.90A',Healthcare,78.9
Pal Solone 150g 0  x2.95 23.93D',Food,23.92
Papi toaletowy 8szt 9 x13 .59 716.91A',Healthcare,116.91
Płatki kuku 250g 4 x5.49 21.56A',Food,21.96
Kawa mielona 250g 5 x12.69 42.45D',Food,62.45
Napoj izotonicznu 500ml 6 x3.95 22.96',Bevarage,23.94
Sok Jabłkowu 1L 8 x3.69 2 7.92D',Bevarage,27.92
Zmyw do paznokci 100ml 5 x4.25 21.45A',Healthcare,21.45
Baton proteinowy 50g 1 x5.45 38.43D',Food,38.43
Batonu musli 5x30g 9  x0.95 80.91',Food,80.91
Żel pod prysznic 400ml 7 x9.59 65.92A',Healthcare,69.93
Batony musli 5x30g 7 x8.99 42.93A',Food,62.93
Kielbasa śląska 400g 7 x11.95 71.99A',Food,11.99
Napój izotoniczny 500ml 7 x3.55 37.93D',Bevarage,27.93
Żel pod prusznic 400ml 1 x 9.99 9.99',Healthcare,9.99
Szampon do włosow 250ml 8 x14. 99 119.92A',Healthcare,119.92
Szam do włosow 250ml 10 x16.99 765.90',Healthcare,149.9
Herbata zielona 50tb 7 x0.99 62.53B',Food,62.93
Masło ekstra 200g 8 x6.29 50.33A',Food,50.32
Baton proteinowy 50g 7 x5.49 5.49D',Food,5.49
Żel pod prysznic 400ml 2 x9.99 79.50',Healthcare,19.98
Kiełbasa ślą 400g 4 x11.99 47.96D',Food,47.96
Sok Jabłkowy 1L 3 x3.69 10.67',Bevarage,10.47
Mleko UHT 1L 2 x2.15 4.38D',Food,4.38
Kawa mielona 250g 7 x12.49 07. 43',Food,87.43
Recznik pap 2 rolki 7 x5.19 40.53D',Housing,40.53
Maka pszenna 1kg 5 x2.99 14.99B',Food,14.95
Dezo męski 150ml 6 x11.69 60.94',Healthcare,68.94
Wino czerwone 750ml 4 x19.95 79.96D',Bevarage,79.96
Żel pod prysznic 400ml 2 x9.95 1 9.98D',Healthcare,19.98
Napój izotonicznu 500ml 6 x3.99 22.94A',Bevarage,23.94
Czekolada mleczna 100g 5 x3.55 11.95',Food,17.95
Mąka pszenna 1kg 5 x2.99 74 .55B',Food,14.95
Żel pod prusznic 400ml 2 x5.99 19.98A',Healthcare,19.98
Mak spagh 500g 2 x3.49 10.47A',Food,10.47
Czekolada mleczna 100g 18 x3.59 35.98B',Food,35.9
Jogyrt natyralnu 150g 2 x1.5 9 6.71A',Food,4.77
Batony musli 5x30g 2 x8 .99 71.98D',Food,17.98
Herbata zielona 50tb 6 x8.99 35.56D',Food,35.96
Szampon do włosow 250ml 9 x14.99 136.97',Healthcare,134.91
Masło ekst 200g 9 x6.39 21.45A',Food,31.45
Makaron spaghetti 500g 4 x3.49 13.94B ',Food,13.96
Energetuk 250ml 9 x6.95 44.91D',Bevarage,44.91
Mąka pszenna 1kg 8 x3.99 22.93',Food,23.92
Ryrz bialy 1kg 18  x4.29 42.50B',Food,42.9
Ryż bialy 1kg 10 x4. 29 63.98A',Food,42.9
Paluszki Solone 150g 5 x2.55 74.95A ',Food,14.95
Ryż biału 1kg 2 x4.29 8.58D',Food,8.58
Ręczn pap 2 rolki 9 x5.79 20.55A',Housing,28.95
Herbata zielona 50tb 1 x8.59 62.9 3',Food,62.93
Kiełbasa slask 400g 8 x11.99 95 .92A',Food,95.92
Napoj izotoniczny 500ml 7 x3.55 2.99B',Bevarage,3.99
Zmywacz do paznokci 100ml 3 x6.25 12.87',Healthcare,12.87
Ener 250ml 3 x4.95 14.97',Bevarage,14.97
Jogurt natyralny 150g 8 x1.59 12.72B',Food,12.72
Kiełbasa sląs 400g 2 x11.99 23.9 8B',Food,23.98
Mleko UHT 1L 3 x2.19 6.57B',Food,6.57
Mąka pszenna 1kg 2 x2.99 5.98B',Food,5.98
Kawa mielona 250g 6 x72.45 49. 96B',Food,49.96
Baton proteinowy 50g 3 x5.69 14.47D',Food,16.47
Żel pod prusz 400ml 4 x9.59 99.96A',Healthcare,59.94
Platki kykurudziane 250g 5 x5.49 21.49D',Food,27.45
Płatki kukurudziane 250g 7 x5.69 30.43B',Food,38.43
Mleko UHT 1L 9 x2.79 19.77 A',Food,19.71
Gyma do żucia miętowa 10szt 7 x2.49 17.43A',Food,17.43
Żel pod pru 400ml 6 x9.99 29.96D',Healthcare,39.96
Ryrz bialy 1kg 5 x4.29 27.65',Food,21.45
Napój izot 500ml 7 x3.95 37.93',Bevarage,27.93
Mak spaghetti 500g 5 x2.49 77.45A',Food,17.45
Zmywacz do paznokci 100ml 4 x6.29 17.16A',Healthcare,17.16
Oliwa z oliwek 500ml 6 x71. 59 71.94',Food,71.96
Ręcznik papierowy 2 rolki 5 x5.79 52. 71D',Housing,52.11
Ser rzółtu plas 150g 7 x6.75 6.79',Food,6.79
Ser żóltu plast 150g 5 x6.79 23.95A',Food,33.95
Ryż bialu 1kg 5 x4 .25 37.65',Food,21.45
Papier toaletowu 8szt 9 x72.99 116.51D',Healthcare,116.91
Sok Jabłkowu 1L 9 x2.49 31.41A',Bevarage,31.41
Ser rzółtu pla 150g 3 x6.19 20.37D',Food,20.37
Oliwa z oliwek 500ml 4 x17.59 71.96B',Food,71.96
Energ 250ml 2 x4.99 5.90A',Bevarage,9.98
Her ziel 50tb 8 x0.99 11.92D',Food,71.92
Szampon do włosów 250ml 9 x74.99 134.91',Healthcare,134.91
Napój izotonicznu 500ml 1 x2.99 2.59',Bevarage,3.99
Wino czerwone 750ml 0 x19.99 759.52',Bevarage,159.92
Ser żołtu plasterki 150g 9 x6. 79 61.77B',Food,61.11
Sok Jabłkowy 1L 10 x2.65 34.58A',Bevarage,34.9
Makaron spaghetti 500g 10 x3.45 34.90A',Food,34.9
Baton proteinowy 50g 5 x5.49 27.45D',Food,27.45
Pal Sol 150g 1 x2.95  2.99A',Food,2.99
Herbata zielona 50tb 6 x8.99 53.94A',Food,53.94
Pap toale 8szt 10 x73.59 139.90A',Healthcare,129.9
Herbata zielona 50tb 7 x8.99 43.93',Food,62.93
Mleko UHT 1L 2 x2.19 4.38B',Food,4.38
Paluszki Solone 150g 8 x2.95 23.93A',Food,23.92
Papier toale 8szt 6 x12.95 51 .94A',Healthcare,51.96
Napój izotoniczny 500ml 5 x3.99 39.91B',Bevarage,35.91
Palyszki Solone 150g 8 x3.99 23.93D',Food,23.92
Kielbasa śląska 400g 1 x11 .99 11.99',Food,11.99
Mąka pszenna 1kg 7 x2.59 3.95A',Food,2.99
Kiełb sląska 400g 10 x11.99 115.90',Food,119.9
Oliwa z oliw 500ml 3 x1 7.99 53.91A',Food,53.97
Baton proteinowy 50g 2 x9.49  16.47B',Food,16.47
Paluszki Solone 150g 7  x2.59 20.53A',Food,20.93
Sok Jabłkowy 1L 8 x3.69 27.92D',Bevarage,27.92
Wino czerwone 750ml 0 x 79.99 159.92',Bevarage,159.92
Sok Jablkowy 1L 6 x3.49 20.94D',Bevarage,20.94
Kawa miel 250g 1 x12.65 12.49D',Food,12.49
Mleko UHT 1L 5 x3.19 10.55B',Food,10.95
Ser rzółty plasterki 150g 2 x4.79 20.21A',Food,20.37
Napój izotoniczny 500ml 3  x3.99 71.97B',Bevarage,11.97
Papi toaletowu 8szt 4 x72.99 51.96D',Healthcare,51.96
Mleko UHT 1L 10 x2.19 21.90A',Food,21.9
Paluszki Solone 150g 2 x2.95 5.98A',Food,5.98
Kawa mielo 250g 5  x72.45 62.65D',Food,62.45
Czekolada mleczna 100g 7 x3.99 25.13',Food,25.13
Jogurt nat 150g 3 x7.59 2.78',Food,3.18
Dezodorant meski 150ml 7 x11.49 00.43A',Healthcare,80.43
Dezod męski 150ml 5 x71.49 102.47A',Healthcare,103.41
Dezodorant meski 150ml 6  x71.49 68.96A',Healthcare,68.94
Płun do szyb 500ml 1  x6.99 6.99D',Housing,6.99
Zmywacz do paznokci 100ml 6 x4.29 29.74B',Healthcare,25.74
Oliwa z oliwek 500ml 3 x17.99 93.97A',Food,53.97
Bat musli 5x30g 4 x8.99 35.56A',Food,35.96
Makaron spaghetti 500g 7  x3.49 34.43A',Food,24.43
Reczn papierowy 2 rolki 7 x5.79 40.53',Housing,40.53
Maka pszenna 1kg 9 x2.99 24.91D',Food,26.91
Jog natu 150g 4 x1.59  9.54D',Food,9.54
Wino czerw 750ml 1 x15.99 19.95',Bevarage,19.99
Czekolada mleczna 100g 8 x3.55 28.12D',Food,28.72
Napój izoto 500ml 8 x3.99 31.92B',Bevarage,31.92
Zmuw do pazno 100ml 1 x4.29 4.29B',Healthcare,4.29
Piwo jasne 500ml 3 x3.89 11.67',Bevarage,11.67
Plyn do szyb 500ml 2 x6.99 13.98A',Housing,13.98
Gyma do żucia mię 10szt 7 x2.49 17.43A',Food,17.43
Płat kukurydziane 250g 2 x5.49 10.98B',Food,10.98
Wino czerw 750ml 10 x19.99 199.90',Bevarage,199.9
Zmyw do paznokci 100ml 1 x4.29 4.29B',Healthcare,4.29
Czekolada mleczna 100g 9 x3.59 32.31',Food,32.31
Oliwa z oliwek 500ml 7 x17.99 125.93D',Food,125.93
Szam do wło 250ml 2 x14.99 29.98A',Healthcare,29.98
Her ziel 50tb 6 x8.99 53.94D',Food,53.94
Piwo jasne 500ml 8 x3.89 31.12D',Bevarage,31.12
Paluszki Solon 150g 9 x2.99 26.91A',Food,26.91
Guma do żucia mie 10szt 3 x2.49 7.47B',Food,7.47
Plun do szyb 500ml 4 x6.99 27.96B',Housing,27.96
Oliwa z oliw 500ml 2 x17.99 35.98D',Food,35.98
Gyma do żucia miętowa 10szt 2 x2.49 4.98D',Food,4.98
Zmywacz do paznokci 100ml 7 x4.29 30.03B',Healthcare,30.03
Szampon do wlosów 250ml 7 x14.99 104.93',Healthcare,104.93
Batony musli 5x30g 1 x8.99 8.99D',Food,8.99
Jogu naturalny 150g 2 x1.59 3.18D',Food,3.18
Wino czerwone 750ml 5 x19.99 99.95A',Bevarage,99.95
Jogurt naturalny 150g 8 x1.59 12.72A',Food,12.72
Ser żólty plasterki 150g 4 x6.79 27.16',Food,27.16
Pasta do zębów 75ml 2 x7.89 15.78B',Healthcare,15.78
Piwo jasne 500ml 9 x3.89 35.01B',Bevarage,35.01
Napoj izotoniczny 500ml 6 x3.99 23.94',Bevarage,23.94
Plyn do szyb 500ml 2 x6.99 13.98A',Housing,13.98
Szampon do wlosow 250ml 6 x14.99 89.94',Healthcare,89.94
Ser zółty plasterki 150g 5 x6.79 33.95',Food,33.95
Płatk kykurydziane 250g 4 x5.49 21.96',Food,21.96
Masło ekstr 200g 10 x6.29 62.90A',Food,62.9
Herbata zielona 50tb 2 x8.99 17.98',Food,17.98
Ręcznik papierowu 2 rolki 7 x5.79 40.53A',Housing,40.53
Guma do żucia miętowa 10szt 10 x2.49 24.90D',Food,24.9
Mąka pszenna 1kg 5 x2.99 14.95A',Food,14.95
Szampon do włosow 250ml 3 x14.99 44.97A',Healthcare,44.97
Makaron spaghetti 500g 5 x3.49 17.45',Food,17.45
Baton proteinowy 50g 1 x5.49 5.49B',Food,5.49
Piwo jasne 500ml 10 x3.89 38.90A',Bevarage,38.9
Platki kykyrydziane 250g 7 x5.49 38.43',Food,38.43
Dezodorant meski 150ml 1 x11.49 11.49',Healthcare,11.49
Szampon do wlosów 250ml 5 x14.99 74.95B',Healthcare,74.95
Makar spaghetti 500g 8 x3.49 27.92A',Food,27.92
Wino czerw 750ml 5 x19.99 99.95A',Bevarage,99.95
Piwo jasne 500ml 10 x3.89 38.90',Bevarage,38.9
Ryż bialy 1kg 8 x4.29 34.32B',Food,34.32
Ruż biały 1kg 7 x4.29 30.03D',Food,30.03
Kawa mielona 250g 9 x12.49 112.41D',Food,112.41
Papier toale 8szt 7 x12.99 90.93',Healthcare,90.93
Płat kuk 250g 10 x5.49 54.90A',Food,54.9
Szampon do wło 250ml 8 x14.99 119.92',Healthcare,119.92
Mąka pszenna 1kg 7 x2.99 20.93',Food,20.93
Wino czerw 750ml 10 x19.99 199.90',Bevarage,199.9
Piwo jasne 500ml 5 x3.89 19.45A',Bevarage,19.45
Ręc papierowu 2 rolki 3 x5.79 17.37',Housing,17.37
Żel pod prysznic 400ml 3 x9.99 29.97A',Healthcare,29.97
Szampon do włosow 250ml 7 x14.99 104.93D',Healthcare,104.93
Czekolada mleczna 100g 5 x3.59 17.95B',Food,17.95
Płyn do szyb 500ml 9 x6.99 62.91B',Housing,62.91
Piwo jasne 500ml 4 x3.89 15.56B',Bevarage,15.56
Kiełbasa ślaska 400g 10 x11.99 119.90',Food,119.9
Kawa mie 250g 5 x12.49 62.45A',Food,62.45
Kiełbasa ślaska 400g 10 x11.99 119.90A',Food,119.9
Mąka pszenna 1kg 7 x2.99 20.93D',Food,20.93
Ryż biały 1kg 1 x4.29 4.29',Food,4.29
Makaron spag 500g 1 x3.49 3.49A',Food,3.49
Baton proteinowy 50g 3 x5.49 16.47',Food,16.47
Baton proteinowu 50g 7 x5.49 38.43A',Food,38.43
Ryż biały 1kg 3 x4.29 12.87A',Food,12.87
Żel pod prusznic 400ml 9 x9.99 89.91',Healthcare,89.91
Herbata zielona 50tb 1 x8.99 8.99B',Food,8.99
Płatki kukyrydziane 250g 6 x5.49 32.94A',Food,32.94
Ryż biału 1kg 6 x4.29 25.74',Food,25.74
Batony musli 5x30g 10 x8.99 89.90A',Food,89.9
Szampon do wloso 250ml 8 x14.99 119.92',Healthcare,119.92
Pła kykur 250g 4 x5.49 21.96B',Food,21.96
Baton prote 50g 6 x5.49 32.94D',Food,32.94
Energ 250ml 8 x4.99 39.92',Bevarage,39.92
Baton musli 5x30g 3 x8.99 26.97D',Food,26.97
Kawa mie 250g 7 x12.49 87.43D',Food,87.43
Jogurt naturalny 150g 4 x1.59 6.36B',Food,6.36
Batony musli 5x30g 9 x8.99 80.91',Food,80.91
Żel pod prysznic 400ml 9 x9.99 89.91A',Healthcare,89.91
Płyn do szyb 500ml 9 x6.99 62.91A',Housing,62.91
Ser rzoltu plasterki 150g 1 x6.79 6.79A',Food,6.79
Kiel śląska 400g 9 x11.99 107.91',Food,107.91
Energetuk 250ml 2 x4.99 9.98D',Bevarage,9.98
Sok Jabł 1L 1 x3.49 3.49A',Bevarage,3.49
Piwo jasne 500ml 4 x3.89 15.56D',Bevarage,15.56
Wino cze 750ml 10 x19.99 199.90A',Bevarage,199.9
Płatki kukurydziane 250g 3 x5.49 16.47A',Food,16.47
Papier toaletowy 8szt 3 x12.99 38.97A',Healthcare,38.97
Ręcznik papierowu 2 rolki 1 x5.79 5.79',Housing,5.79
Czekolada mleczna 100g 8 x3.59 28.72B',Food,28.72
Dezodorant męski 150ml 1 x11.49 11.49',Healthcare,11.49
Piwo jasne 500ml 10 x3.89 38.90D',Bevarage,38.9
Zmuwa do paznokci 100ml 3 x4.29 12.87',Healthcare,12.87
Papie toale 8szt 6 x12.99 77.94',Healthcare,77.94
Uuzgt.opust-2.80st.c9.49,Discount,2.80
OPLJST KLUB Mleko 3.2% -1.50C,Discount,1.50
"0BNIZKA -3.44B",Discount,3.44
"OBMIZKA -9.14D",Discount,9.14
Uuzgl.opust-0.75stc5.99,Discount,0.75
Uuzgl.opust-1.50st.c7.49,Discount,1.50
Uuzgl.opust4.20st.c12.79,Discount,4.20
OPUST KLUB Czekolada mlecz -3.00A,Discount,3.00
"OBNIZKA -5.19B",Discount,5.19
"OBNIZKA -2.74D",Discount,2.74
"OBNIZKA -0.998",Discount,1.00
"OBNIZKA -6.89A",Discount,6.89
T0RBA NA ZAKUPY 4x2.6 10.4,Other,10.4
KOSZULA 1x2.6 2.6,Other,2.6
T-SHIRT 1x52.99 52.99,Other,52.99
Uuzgt.opust-9.06st.c13.12,Discount,9.06
SPRAY 3x5.71 17.13A,Other,17.13
RYZ:3SZT*14.13 42.39C,Food,42.39
GRUSZKA 1x11.79 11.79,Food,11.79
MUSZTARDA 2SZT*21.66 43.32B,Food,43.32
MAKARON 3x13.81 41.43A,Food,41.43
KONCENTRAT:2SZT*19.48 38.96C,Food,38.96
MASECZKA 3x12.45 37.35A,Healthcare,37.35
FINISH 3SZT*21.52 64.56B,Housing,64.56
CIF:1SZT*5.14 5.14C,Housing,5.14
MLEKO:2SZT*5.35 10.7C,Food,10.7
"""0BNIZKA -3.75B""",Discount,3.75
OGOREK:2SZT*4.88 9.76C,Food,9.76
CZEKOLADA:2SZT*14.05 28.1C,Food,28.1
SER 3x7.72 23.16,Food,23.16
KREM 3x24.87 74.61A,Other,74.61
SERWETKI 3x7.68 23.04A,Housing,23.04
VIZIR 2x16.62 33.24A,Housing,33.24
TABLETKI 2x12.48 24.96,Healthcare,24.96
ORZESZKI:2SZT*7.68 15.36C,Food,15.36
TORBA 1x10.33 10.33,Other,10.33
AXE 2x23.3 46.6,Healthcare,46.6
BANAN 1x21.13 21.13A,Food,21.13
CIASTKO 1x5.79 5.79,Housing,5.79
"""0BNIZKA -11.64B""",Discount,11.64
LUDWIK:2SZT*12.16 24.32C,Housing,24.32
GRZANKA 1SZT*22.47 22.47B,Food,22.47
PIWO 3x20.01 60.03A,Bevarage,60.03
ZAPALNICZKA 3x22.38 67.14,Other,67.14
KOLAGEN:2SZT*17.52 35.04C,Healthcare,35.04
JOGURT 2SZT*22.52 45.04B,Food,45.04
ZEL 1x15.78 15.78,Healthcare,15.78
KAWA 3x18.16 54.48A,Bevarage,54.48
PAPRYKA 2x6.32 12.64A,Food,12.64
KISIEL:1SZT*4.07 4.07C,Other,4.07
CUKINIA 3x6.23 18.69,Food,18.69
SOS 1SZT*11.03 11.03B,Food,11.03
OPLJST KLUB MASKA -9.6C,Healthcare,9.6
BATON 3SZT*9.58 28.74B,Food,28.74
MIOD 1x21.98 21.98A,Food,21.98
DOMESTOS 2SZT*13.01 26.02B,Housing,26.02
POMIDOR:1SZT*17.98 17.98C,Other,17.98
Uuzgl.opust-0.96stc4.74,Discount,0.96
WORKI 1x6.84 6.84A,Housing,6.84
TWAROG 1SZT*21.28 21.28B,Food,21.28
KETCHUP 3SZT*3.56 10.68B,Food,10.68
WAFEL:2SZT*5.29 10.58C,Food,10.58
DEZODORANT 1x6.69 6.69,Healthcare,6.69
PERSIL 1SZT*6.32 6.32B,Housing,6.32